{"iters": [0, 200, 400, 600, 800, 1000, 1200, 1400, 1600, 1800, 2000, 2200, 2400, 2600, 2800, 3000, 3200, 3400, 3600, 3800, 4000, 4200, 4400, 4600, 4800, 5000, 5200, 5400, 5600, 5800, 6000, 6200, 6400, 6600, 6800, 7000, 7200, 7400, 7600, 7800, 8000, 8200, 8400, 8600, 8800, 9000, 9200, 9400, 9600, 9800], "train_losses": [8.635280246734618, 6.973537168502808, 6.79757758140564, 6.6571923828125, 6.50617392539978, 6.389879808425904, 6.281992244720459, 6.197572422027588, 6.1069670581817626, 5.9952360534667966, 5.929823141098023, 5.86497281074524, 5.816033811569214, 5.7307001399993895, 5.670289163589477, 5.586814594268799, 5.581389045715332, 5.498640785217285, 5.449000988006592, 5.472556200027466, 5.383237915039063, 5.328881072998047, 5.350943145751953, 5.3026524257659915, 5.2785319900512695, 5.257458419799804, 5.237038984298706, 5.19651834487915, 5.194239645004273, 5.164326467514038, 5.1811448764801025, 5.139486198425293, 5.098739824295044, 5.109597253799438, 5.085392713546753, 5.095181283950805, 5.057421474456787, 5.0127103137969975, 4.965749578475952, 4.961121253967285, 4.974027976989746, 4.924066905975342, 4.907185773849488, 4.954193153381348, 4.8911649608612064, 4.866399364471436, 4.88225380897522, 4.85741961479187, 4.831953420639038, 4.8248412227630615], "val_losses": [8.63606351852417, 6.995872869491577, 6.800144662857056, 6.678356742858886, 6.531650676727295, 6.428437261581421, 6.319006042480469, 6.288965320587158, 6.212342405319214, 6.098469276428222, 6.107591590881348, 6.045550727844239, 5.986573543548584, 5.865992269515991, 5.869818382263183, 5.841286563873291, 5.798138189315796, 5.754216566085815, 5.726568098068237, 5.722717552185059, 5.704563798904419, 5.704652843475341, 5.647689094543457, 5.645623950958252, 5.598326768875122, 5.61806957244873, 5.575881299972534, 5.55427170753479, 5.5688833904266355, 5.540102510452271, 5.515846662521362, 5.514304189682007, 5.54462610244751, 5.477893362045288, 5.5275781536102295, 5.5190400123596195, 5.423486022949219, 5.447361736297608, 5.448562335968018, 5.440898447036743, 5.431920537948608, 5.418745346069336, 5.409588069915771, 5.430080194473266, 5.386726779937744, 5.404608850479126, 5.407977409362793, 5.401193151473999, 5.3812863063812255, 5.383379774093628]}